Unnamed: 0,job,location,date,company,country
0,"Data Engineering Analyst, Data Management","Brampton, ON Sur site",Il y a 3 jours,Loblaw Companies Limited,canada
1,Loblaw Technology Innovation Intern,"Brampton, ON Sur site",Il y a 5 jours,Loblaw Companies Limited,canada
2,Analyst - Payments & Services Intern,"Brampton, ON Sur site",Il y a 4 jours,Loblaw Companies Limited,canada
3,IT Operations Data Analyst Summer Co-op,"Toronto, ON Sur site",Il y a 1 semaine,Loblaw Companies Limited,canada
4,"Senior Data Analyst, Data Engineering","Brampton, ON Sur site","Il y a 18 heures

                Au cours des 24 dernières heures",Loblaw Companies Limited,canada
5,Summer Student,"Brampton, ON Sur site",Il y a 1 semaine,Loblaw Companies Limited,canada
6,Summer Student,"Brampton, ON Sur site",Il y a 1 semaine,Loblaw Companies Limited,canada
7,Technology Risk - Summer Co-op,"Brampton, ON Sur site",Il y a 1 semaine,Loblaw Companies Limited,canada
8,Loblaw Technology Innovation Intern (Developer),"Brampton, ON Sur site",Il y a 5 jours,Loblaw Companies Limited,canada
9,Storage/Backup Analyst summer co-op,"Brampton, ON Sur site",Il y a 1 semaine,Loblaw Companies Limited,canada
10,"Product Analyst, Digital Health (Co Op)","Toronto, ON Sur site",Il y a 1 semaine,Loblaw Companies Limited,canada
11,"Senior Analyst, Business Intelligence","Brampton, ON Sur site",Il y a 5 jours,Loblaw Companies Limited,canada
12,Product Manager - Digital Health,"Toronto, ON Sur site",Il y a 1 semaine,Loblaw Companies Limited,canada
13,Senior Product Analyst,"Toronto, ON Sur site",Il y a 1 semaine,Loblaw Companies Limited,canada
14,Data Quality Specialist (6-8 month Contract),"Toronto, ON Sur site",Il y a 1 semaine,CIBC,canada
15,Part Time Data Entry Clerk (Equest),"Kelowna, BC Sur site",Il y a 1 semaine,BCjobs.ca,canada
16,Work at Home Data Entry Clerk (Equest),"White Rock, BC À distance",Il y a 1 semaine,BCjobs.ca,canada
17,5 People Urgently Need It NOW! From Victoria - Market Research / Surveyor -Work From Home Jobs - Part-Time Job (Occupons Quebec),"Victoria, BC À distance",Il y a 2 semaines,BCjobs.ca,canada
18,Part Time Data Entry Clerk (Equest),"Kamloops, BC Sur site",Il y a 1 semaine,BCjobs.ca,canada
19,5 People Urgently Need It NOW! From Burnaby- Work From Home Jobs - Part-Time Job (Occupons Quebec),"Burnaby, BC À distance",Il y a 2 semaines,BCjobs.ca,canada
20,5 People Urgently Need It NOW From Richmond- Work From Home Jobs - Part-Time Job (Occupons Quebec),"Richmond, BC À distance",Il y a 2 semaines,BCjobs.ca,canada
21,Senior Data Scientist,"Brampton, ON Sur site",Il y a 1 mois,Loblaw Companies Limited,canada
22,Part Time Sales - Work from Home Remotely (Equest),"Vancouver, BC À distance",Il y a 1 semaine,BCjobs.ca,canada
23,Junior Engineer Summer Co-op,"Brampton, ON Sur site",Il y a 1 semaine,Loblaw Companies Limited,canada
24,5 People Urgently Need It NOW! From Vancouver - Market Research / Surveyor -Work From Home Jobs - Part-Time Job (Occupons Quebec),"Vancouver, BC À distance",Il y a 2 semaines,BCjobs.ca,canada
0,"Senior Software Engineer (iOS, Swift), Trilogy (Remote) - $100,000/year USD","Toronto, ON À distance",Il y a 1 jour,Crossover for Work,canada
1,Engineering Sales,"Pickering, ON",Il y a 1 semaine,Jesus College Oxford,canada
2,"Vice President Finance Accounting, Trilogy (Remote) - $400,000/year USD","Calgary, AB À distance",Il y a 1 jour,Crossover for Work,canada
3,"Vice President of Sales, Trilogy (Remote) - $200,000/year USD","Toronto, ON À distance",Il y a 1 jour,Crossover for Work,canada
4,"Vice President Corporate Finance, Trilogy (Remote) - $400,000/year USD","Victoria, BC À distance",Il y a 1 jour,Crossover for Work,canada
5,CLK 09R - Regional Support Clerk (BC Public Service),"Oliver, BC Sur site",Il y a 6 jours,BCjobs.ca,canada
6,"ISL 30R - Solutions Architect, Messaging - AMENDED: Closing Date Extended (BC Public Service)","Abbotsford, BC Sur site",Il y a 1 semaine,BCjobs.ca,canada
7,COMM O 18R - Communications and Engagement Coordinator (BC Public Service),"Victoria, BC Sur site",Il y a 1 semaine,BCjobs.ca,canada
8,Personal Support Manager,"Mississauga, ON Sur site",Il y a 4 semaines,Jesus College Oxford,canada
9,Personal Support Manager,"Brampton, ON Sur site",Il y a 4 semaines,Jesus College Oxford,canada
10,LP 6A - Forensic Psychologist (BC Public Service),"Coquitlam, BC Sur site",Il y a 1 semaine,BCjobs.ca,canada
11,CLK ST 11R - Office Manager (BC Public Service),"Campbell River, BC Sur site",Il y a 1 semaine,BCjobs.ca,canada
12,"Vice President Corporate Finance, Trilogy (Remote) - $400,000/year USD","Québec, QC À distance",Il y a 1 jour,Crossover for Work,canada
13,Personal Support Manager,"Etobicoke, ON Sur site",Il y a 4 semaines,Jesus College Oxford,canada
14,"Lead Software Architect, Trilogy (Remote) - $200,000/year USD","Montréal, QC À distance",Il y a 1 jour,Crossover for Work,canada
15,Fire Prevention Technician (TransLink),"Vancouver, BC Sur site",Il y a 3 semaines,BCjobs.ca,canada
16,Residential Child & Youth Services Ltd (Coastal Mountain Child & Youth Services Ltd.),"Duncan, BC Sur site",Il y a 3 semaines,BCjobs.ca,canada
17,"Senior Product Designer, Upland (Remote) - $100,000/year USD","Toronto, ON À distance",Il y a 1 jour,Crossover for Work,canada
18,COR SRV 18R_Correctional Officer (BC Public Service),"Kamloops, BC Sur site",Il y a 1 semaine,BCjobs.ca,canada
19,SW AST 13R - Social Program Officer Assistant (BC Public Service),"Kamloops, BC Sur site",Il y a 6 jours,BCjobs.ca,canada
20,"BAND 4 - Director, Clean Government (BC Public Service)","Victoria, BC Sur site",Il y a 5 jours,BCjobs.ca,canada
21,"SPO 24R - Guardianship, Resource & Out of Care Worker AMENDED, POSTING CLOSING DATE EXTENDED (BC Public Service)","Vanderhoof, BC Sur site",Il y a 1 semaine,BCjobs.ca,canada
22,"Vice President Finance Accounting, Trilogy (Remote) - $400,000/year USD","Victoria, BC À distance",Il y a 1 jour,Crossover for Work,canada
23,Archaeologist (Associate Level) (Equest),"Smithers, BC Sur site",Il y a 6 jours,BCjobs.ca,canada
24,SPO 24R (Growth) - CYSN Generalist AMENDED (BC Public Service),"Kelowna, BC Sur site",Il y a 1 semaine,BCjobs.ca,canada
0,ISL 24R - Senior IT Procurement Specialist (BC Public Service),"Victoria, BC Sur site",Il y a 5 jours,BCjobs.ca,canada
1,Branch Manager (Equest),"Lake Cowichan, BC Sur site",Il y a 1 semaine,BCjobs.ca,canada
2,"Assistant/Associate Professor (Clinical), Department of Medicine, Division of General Internal Medicine (C-211214)","Montréal-Ouest, QC Sur site",Il y a 1 semaine,Jesus College Oxford,canada
3,LP 5A - Licensed Psychologist (BC Public Service),"Colwood, BC Sur site",Il y a 1 semaine,BCjobs.ca,canada
4,LSO FOR 2 - Practices Forester***CLOSING DATE EXTENDED*** (BC Public Service),"Mackenzie, BC Sur site",Il y a 1 semaine,BCjobs.ca,canada
5,LSO FORS 2 - Practices Forester (BC Public Service),"Powell River, BC Sur site",Il y a 1 semaine,BCjobs.ca,canada
6,Certified Heavy Duty Equipment Technician (City of Prince George),"Prince George, BC Sur site",Il y a 3 jours,BCjobs.ca,canada
7,"Assistant Professor (Clinical), Department of Obstetrics and Gynecology, Division of Gynecologic Reproductive Endocrinology and Infertility (C-211027)","Montréal-Ouest, QC Sur site",Il y a 4 semaines,Jesus College Oxford,canada
8,ISL 30R - Site Reliability Engineer Lead (BC Public Service),"Victoria, BC Sur site",Il y a 3 jours,BCjobs.ca,canada
9,"Assistant Professor (Clinical), Department of Obstetrics and Gynecology, Division of Obstetrics (MFM) (C2-211027)","Montréal-Ouest, QC Sur site",Il y a 4 semaines,Jesus College Oxford,canada
10,STO 21R - Operations Technologist - CLOSING DATE EXTENDED (BC Public Service),"Hazelton, BC Sur site",Il y a 1 semaine,BCjobs.ca,canada
11,LSO 3 - Land and Resource Specialist (BC Public Service),"Burns Lake, BC Sur site",Il y a 1 semaine,BCjobs.ca,canada
12,LSO FOR 2 - Practices Forester - CLOSING DATE EXTENDED (BC Public Service),"Hazelton, BC Sur site",Il y a 1 semaine,BCjobs.ca,canada
13,Full-time Pharmacist (QRP Consulting),"Vanderhoof, BC Sur site",Il y a 1 semaine,BCjobs.ca,canada
14,LSO OTHR 3 - Industrial Reporting and Evaluation Officer (BC Public Service),"Cranbrook, BC Sur site",Il y a 3 jours,BCjobs.ca,canada
15,"Assistant/Associate Professor (Clinical), Department of Medicine, Division of Respiratory Medicine (C2-211214)","Montréal-Ouest, QC Sur site",Il y a 1 semaine,Jesus College Oxford,canada
16,"Director, Medical Physics Unit, McGill University","Montréal-Ouest, QC Sur site",Il y a 2 semaines,Jesus College Oxford,canada
17,Full Time Retail Sales Merchandiser Canada,"Edmonton, AB Sur site",Il y a 3 semaines,Jesus College Oxford,canada
18,"Assistant or Associate Professor (Clinical), Department of Medicine, Division of Rheumatology (C-211112)","Montréal-Ouest, QC Sur site",Il y a 3 semaines,Jesus College Oxford,canada
19,LSO FORS 2 - Practices Forester (BC Public Service),"Nelson, BC Sur site",Il y a 1 semaine,BCjobs.ca,canada
20,"SPO 27R - Team Leader, Multidisciplinary Team - CLOSING DATE EXTENDED (BC Public Service)","Nakusp, BC Sur site",Il y a 1 semaine,BCjobs.ca,canada
21,Registered Nurse (FT),"Grande Prairie, AB Sur site",Il y a 4 semaines,Jesus College Oxford,canada
22,STO-RE 21R - Operations Technologist (BC Public Service),"Campbell River, BC Sur site",Il y a 1 semaine,BCjobs.ca,canada
23,"SPO 30R - Team Leader, Integrated Services (BC Public Service)","Fort St. James, BC Sur site",Il y a 3 semaines,BCjobs.ca,canada
24,CMBC - Maintenance Manager (TransLink),"Vancouver, BC Sur site",Il y a 1 semaine,BCjobs.ca,canada
0,STO21R - Auxiliary Meat Hygiene and Agri-Food Inspector (BC Public Service),"Abbotsford, BC Sur site",Il y a 3 jours,BCjobs.ca,canada
1,"C NURSE 9 - Integrated Practice Team Leader, CYMH (BC Public Service)","Barrière, BC Sur site",Il y a 6 jours,BCjobs.ca,canada
2,ECON 30R - Senior Policy Advisor (BC Public Service),"Victoria, BC Sur site",Il y a 1 semaine,BCjobs.ca,canada
3,"SPO 30R - Integrated Practice Team Leader, CYMH (BC Public Service)","Barrière, BC Sur site",Il y a 6 jours,BCjobs.ca,canada
4,STO-RE 21R - Operations Technologist (BC Public Service),"Port McNeill, BC Sur site",Il y a 1 semaine,BCjobs.ca,canada
5,STO 27R - Senior Advisor Indigenous Relations - AMENDED - CLOSING DATE EXTENDED (BC Public Service),"Coquitlam, BC Sur site",Il y a 1 semaine,BCjobs.ca,canada
6,"Open Rank as Assistant, Associate or Full Professor (Clinical), MUHC Director-Division of Dermatology (C2-211207)","Montréal-Ouest, QC Sur site",Il y a 3 semaines,Jesus College Oxford,canada
7,STO-RE 27R - Woodlands Supervisor (BC Public Service),"Cranbrook, BC Sur site",Il y a 1 semaine,BCjobs.ca,canada
8,"Open Rank as Assistant, Associate or Full Professor (Clinical), McGill Director of the Division of Infectious Diseases (C3-211207)","Montréal-Ouest, QC Sur site",Il y a 3 semaines,Jesus College Oxford,canada
9,"BAND 3 - Manager, FrontCounter BC (BC Public Service)","Nanaimo, BC Sur site",Il y a 5 jours,BCjobs.ca,canada
10,Full-time Relief Pharmacist (QRP Consulting),"Vancouver, BC Sur site",Il y a 1 semaine,BCjobs.ca,canada
11,BAND 4 - Deputy Fire Commissioner (BC Public Service),"Kamloops, BC Sur site",Il y a 1 semaine,BCjobs.ca,canada
12,"Open Rank as Assistant, Associate or Full Professor (Clinical), MUHC Director-Division of Infectious Diseases (C4-211207)","Montréal-Ouest, QC Sur site",Il y a 3 semaines,Jesus College Oxford,canada
13,"Open Rank of Assistant, Associate or Full Professor (Clinical), McGill Director of the Division of Dermatology (C-211207)","Montréal-Ouest, QC Sur site",Il y a 3 semaines,Jesus College Oxford,canada
14,STO-RE 21R - Operations Technologist (BC Public Service),"Vernon, BC Sur site",Il y a 3 jours,BCjobs.ca,canada
15,STO R21 - Senior Engineering Technologist (BC Public Service),"Cranbrook, BC Sur site",Il y a 3 jours,BCjobs.ca,canada
16,STO-RE 18R - Forest Technologist (BC Public Service),"Burns Lake, BC Sur site",Il y a 1 semaine,BCjobs.ca,canada
17,Service Manager (The Inland Group),"Williams Lake, BC Sur site",Il y a 1 semaine,BCjobs.ca,canada
18,STO 24R - Senior Environmental Electronics Technologist (BC Public Service),"Prince George, BC Sur site",Il y a 6 jours,BCjobs.ca,canada
19,Chef principal – Soutien à l’infrastructure/Senior Manager – Infrastructure Support,"Montréal, QC Sur site",Il y a 1 semaine,Jesus College Oxford,canada
20,Senior EHS Management Systems & Sustainability Consultant (Mid-Senior Level) (Equest),"Vancouver, BC",Il y a 1 semaine,BCjobs.ca,canada
21,TEO 21R - Scaling Officer-Interior - AMENDED: Closing Date Extended (BC Public Service),"Revelstoke, BC Sur site",Il y a 1 semaine,BCjobs.ca,canada
22,"NURSE 7C- Indigenous Outreach Clinician, CYMH - AMENDED (BC Public Service)","Delta, BC Sur site",Il y a 3 semaines,BCjobs.ca,canada
23,LSO AGRL 3 - District Range Officer - CLOSING DATE EXTENDED (BC Public Service),"Merritt, BC Sur site",Il y a 3 semaines,BCjobs.ca,canada
24,Pharmacist (Floater - Nanaimo) (Save-on-Foods Pharmacy),"Nanaimo, BC Sur site",Il y a 1 semaine,BCjobs.ca,canada
0,STO-RE 18R - Forest Technologist (BC Public Service),"Prince George, BC Sur site",Il y a 1 semaine,BCjobs.ca,canada
1,ADMN O 30R - Senior Indigenous Relations and Policy Lead (BC Public Service),"Victoria, BC Sur site",Il y a 1 semaine,BCjobs.ca,canada
2,Occupational Therapist Maternity Leave (Kootenay Family Place),"Castlegar, BC Sur site",Il y a 1 semaine,BCjobs.ca,canada
3,"SPO MH 25 - Indigenous Outreach Clinician, CYMH - AMENDED (BC Public Service)","Delta, BC Sur site",Il y a 3 semaines,BCjobs.ca,canada
4,STO-RE 18R - Forest Technologist (BC Public Service),"Burns Lake, BC Sur site",Il y a 1 semaine,BCjobs.ca,canada
5,STO 27RE - Senior First Nations Relations Advisor CLOSING DATE EXTENDED (BC Public Service),"Dawson Creek, BC Sur site",Il y a 3 semaines,BCjobs.ca,canada
6,STO-RE 18R - Forest Technologist (BC Public Service),"Fort St. James, BC Sur site",Il y a 1 semaine,BCjobs.ca,canada
7,University Veterinarian - Academic Associate,"Toronto, ON Sur site",Il y a 4 semaines,Jesus College Oxford,canada
8,Director of Sales and Marketing - Maternity Leave,"Trois-Rivières, QC Sur site",Il y a 2 semaines,Jesus College Oxford,canada
9,Director of Sales and Marketing - Dual Property (JW & Autograph),"Vancouver, BC Sur site",Il y a 1 semaine,Jesus College Oxford,canada
10,"STO-RE 27R - Senior Advisor, Indigenous Relations (BC Public Service)","Burns Lake, BC Sur site",Il y a 4 jours,BCjobs.ca,canada
11,"LSO OTHR 3 - Senior Advisor, Indigenous Relations (BC Public Service)","Burns Lake, BC Sur site",Il y a 4 jours,BCjobs.ca,canada
0,ADMN O 18R - Intake Officer (BC Public Service),"Victoria, BC Sur site",Il y a 3 jours,BCjobs.ca,canada
1,"Remote Bilingual Sr. Team Leader, TB Inbound/Outbound Contact Centre","Québec, Canada À distance",Il y a 6 jours,CIBC,canada
2,CLK 11R - Municipal Clerk (BC Public Service),"Vancouver, BC Sur site",Il y a 5 jours,BCjobs.ca,canada
3,EXEC ADMIN - Executive Administrative Assistant (BC Public Service),"Victoria, BC Sur site",Il y a 6 jours,BCjobs.ca,canada
4,Administrative Assistant,"Montréal-Ouest, QC Sur site",Il y a 1 semaine,Jesus College Oxford,canada
5,"Senior Specialist, Security Governance and Assurance, Cyber Security & Technology Risk","Brampton, ON Sur site",Il y a 4 semaines,Loblaw Companies Limited,canada
6,"Technical Director, gt.school (Remote) - $640,000/year USD","Ontario, Canada À distance",Il y a 1 jour,Crossover for Work,canada
7,FO 24R - Tax Fraud Investigator - Amended (BC Public Service),"Surrey, BC Sur site",Il y a 1 semaine,BCjobs.ca,canada
8,"Senior Technical Writer, Trilogy (Remote) - $100,000/year USD","Ontario, Canada À distance",Il y a 1 jour,Crossover for Work,canada
9,"Accountant, Trilogy (Remote) - $30,000/year USD","Toronto, ON À distance",Il y a 1 jour,Crossover for Work,canada
10,ISL 27R - Database Administrator (Corporate Data Warehouse) (BC Public Service),"Victoria, BC Sur site","Il y a 5 heures

                Au cours des 24 dernières heures",BCjobs.ca,canada
11,"Technical Support Engineer, IgniteTech (Remote) - $60,000/year USD","Toronto, ON À distance",Il y a 1 jour,Crossover for Work,canada
12,BAND 2 - Gambling Auditor (BC Public Service),"Burnaby, BC Sur site",Il y a 1 semaine,BCjobs.ca,canada
13,"Technical Support Engineer, Trilogy (Remote) - $60,000/year USD","Ottawa, ON À distance",Il y a 1 jour,Crossover for Work,canada
14,EXEC ADMN - Executive Administrative Assistant (BC Public Service),"Victoria, BC Sur site",Il y a 6 jours,BCjobs.ca,canada
15,"Technical Support Engineer, Trilogy (Remote) - $60,000/year USD","Saskatchewan, Canada À distance",Il y a 1 jour,Crossover for Work,canada
16,ISL 27R - Senior Technical Analyst (BC Public Service),"Victoria, BC Sur site","Il y a 5 heures

                Au cours des 24 dernières heures",BCjobs.ca,canada
17,"Manager, Pharmacy and Healthcare Delivery","Brampton, ON Sur site",Il y a 1 semaine,Loblaw Companies Limited,canada
18,"Director Of User Experience, DevGraph (Remote) - $400,000/year USD","Toronto, ON À distance",Il y a 1 jour,Crossover for Work,canada
19,"Lead Technical Writer, Trilogy (Remote) - $100,000/year USD","Ontario, Canada À distance",Il y a 1 jour,Crossover for Work,canada
20,"Technical Director, gt.school (Remote) - $320,000/year USD","Montréal, QC À distance",Il y a 1 jour,Crossover for Work,canada
21,EXEC ADMIN - Executive Administrative Assistant (BC Public Service),"Victoria, BC Sur site",Il y a 6 jours,BCjobs.ca,canada
22,ADMN O 21R - Information Schedule Developer and Reporting (BC Public Service),"Victoria, BC Sur site",Il y a 1 semaine,BCjobs.ca,canada
23,Job Title: Social Media Marketing – Virtual Intern or CO-OP,"Pickering, ON","Il y a 2 heures

                Au cours des 24 dernières heures",Jesus College Oxford,canada
24,"Software Development Engineer - Graduate 2021/2022, Trilogy (Remote) - $60,000/year USD","Toronto, ON À distance",Il y a 1 jour,Crossover for Work,canada
0,"Associate Software Engineer, Trilogy (Remote) - $60,000/year USD","Toronto, ON À distance",Il y a 1 jour,Crossover for Work,canada
1,CLK 09R - Wildfire Financial Services Clerk (BC Public Service),"Williams Lake, BC Sur site",Il y a 5 jours,BCjobs.ca,canada
2,"Software Quality Assurance Engineer, Virtasant (Remote) - $60,000/year USD","Toronto, ON À distance",Il y a 1 jour,Crossover for Work,canada
3,"Product Owner, Trilogy (Remote) - $100,000/year USD","Ontario, Canada À distance",Il y a 1 jour,Crossover for Work,canada
4,"Director, Technology Enablement","Brampton, ON Sur site",Il y a 1 semaine,Loblaw Companies Limited,canada
5,"Salesforce Administrator, Aurea Software (Remote) - $60,000/year USD","Toronto, ON À distance",Il y a 1 jour,Crossover for Work,canada
6,"Senior Manager, Delivery","Brampton, ON Sur site",Il y a 1 mois,Loblaw Companies Limited,canada
7,CLK 09R - Administrative Assistant / Office Assistant (BC Public Service),"Surrey, BC Sur site",Il y a 5 jours,BCjobs.ca,canada
8,Senior Technical Manager,"Brampton, ON Sur site",Il y a 5 jours,Loblaw Companies Limited,canada
9,"Chief Executive Officer, gt.school (Remote) - $400,000/year USD","Toronto, ON À distance",Il y a 1 jour,Crossover for Work,canada
10,"Technical Consultant, Aurea Software (Remote) - $30,000/year USD","Toronto, ON À distance",Il y a 1 jour,Crossover for Work,canada
11,"Technical Product Owner, Trilogy (Remote) - $100,000/year USD","Toronto, ON À distance",Il y a 1 jour,Crossover for Work,canada
12,"Head of Customer Support, Trilogy (Remote) - $400,000/year USD","Toronto, ON À distance",Il y a 1 jour,Crossover for Work,canada
13,"Senior Data Scientist, Bloom Institute of Technology (BloomTech) (Remote) - $60,000/year USD","Toronto, ON À distance",Il y a 1 jour,Crossover for Work,canada
14,Financial Accountant (Equest),"Surrey, BC Sur site",Il y a 1 semaine,BCjobs.ca,canada
15,"Senior Site Reliability Engineer, Technology Platforms","Brampton, ON Sur site",Il y a 3 jours,Loblaw Companies Limited,canada
16,"Junior Software Engineer, Trilogy (Remote) - $60,000/year USD","Montréal, QC À distance",Il y a 1 jour,Crossover for Work,canada
17,"Technical Consultant, Aurea Software (Remote) - $30,000/year USD","Ontario, Canada À distance",Il y a 1 jour,Crossover for Work,canada
18,"Software Implementation Consultant, Aurea Software (Remote) - $30,000/year USD","Toronto, ON À distance",Il y a 1 jour,Crossover for Work,canada
19,STO 24 - GIS Coordinator - South (BC Public Service),"100 Mile House, BC Sur site",Il y a 1 semaine,BCjobs.ca,canada
20,"Software Test Engineer, Virtasant (Remote) - $60,000/year USD","Toronto, ON À distance",Il y a 1 jour,Crossover for Work,canada
21,"Implementation Consultant, Aurea Software (Remote) - $30,000/year USD","Ontario, Canada À distance",Il y a 1 jour,Crossover for Work,canada
22,CLK 09R - Member Support and Decision Processing Clerk (BC Public Service),"Victoria, BC Sur site",Il y a 1 semaine,BCjobs.ca,canada
23,"Account Manager, IgniteTech (Remote) - $100,000/year USD","Toronto, ON À distance",Il y a 1 jour,Crossover for Work,canada
24,"Machine Learning Engineer, Bloom Institute of Technology (BloomTech) (Remote) - $60,000/year USD","Toronto, ON À distance",Il y a 1 jour,Crossover for Work,canada
0,"Frontend Developer, React (Semaphore Solutions Inc.)","Victoria, BC À distance",Il y a 1 semaine,BCjobs.ca,canada
1,"Staff Software Engineer (with C), Skyvera (Remote) - $100,000/year USD","Toronto, ON À distance",Il y a 1 jour,Crossover for Work,canada
2,"Principal Software Engineer, gt.school (Remote) - $320,000/year USD","Montréal, QC À distance",Il y a 1 jour,Crossover for Work,canada
3,"Director of Information Technology, Trilogy (Remote) - $200,000/year USD","Toronto, ON À distance",Il y a 1 jour,Crossover for Work,canada
4,ISL 24R - Privacy and Security Analyst (BC Public Service),"Victoria, BC",Il y a 1 semaine,BCjobs.ca,canada
5,"Senior Manager, Technology Risk and Controls Management","Brampton, ON Sur site",Il y a 1 mois,Loblaw Companies Limited,canada
6,"Head of Customer Support, Trilogy (Remote) - $200,000/year USD","Toronto, ON À distance",Il y a 1 jour,Crossover for Work,canada
7,"Software Engineer, gt.school (Remote) - $80,000/year USD","Toronto, ON À distance",Il y a 1 jour,Crossover for Work,canada
8,CLK 11R - Field Office Clerk (BC Public Service),"Kelowna, BC Sur site",Il y a 6 jours,BCjobs.ca,canada
9,CLK 15R - Compliance Analyst (BC Public Service),"Victoria, BC Sur site",Il y a 6 jours,BCjobs.ca,canada
10,ADMN O 18R - Adjudication Analyst (BC Public Service),"Victoria, BC Sur site",Il y a 3 jours,BCjobs.ca,canada
11,"Inside Sales Representative, Trilogy (Remote) - $100,000/year USD","Toronto, ON À distance",Il y a 1 jour,Crossover for Work,canada
12,SPO 24R - Guardianship Worker (BC Public Service),"Abbotsford, BC Sur site","Il y a 5 heures

                Au cours des 24 dernières heures",BCjobs.ca,canada
13,"Developer, Upland (Remote) - $30,000/year USD","Toronto, ON À distance",Il y a 1 jour,Crossover for Work,canada
14,Senior Business Analyst (Equest),"Surrey, BC Sur site",Il y a 1 semaine,BCjobs.ca,canada
15,"Head Of User Experience, DevGraph (Remote) - $400,000/year USD","Toronto, ON À distance",Il y a 1 jour,Crossover for Work,canada
16,Senior QA Automation Developer,"Brampton, ON Sur site",Il y a 1 semaine,Loblaw Companies Limited,canada
17,"C Developer, Skyvera (Remote) - $100,000/year USD","Toronto, ON À distance",Il y a 1 jour,Crossover for Work,canada
18,Hardware Asset Manager,"Brampton, ON Sur site",Il y a 3 semaines,Loblaw Companies Limited,canada
19,"Software Engineer, Aurea Software (Remote) - $60,000/year USD","Toronto, ON À distance",Il y a 1 jour,Crossover for Work,canada
20,"Software Engineer, Trilogy (Remote) - $30,000/year USD","Toronto, ON À distance",Il y a 1 jour,Crossover for Work,canada
21,"Software Engineer, Trilogy (Remote) - $100,000/year USD","Toronto, ON À distance",Il y a 1 jour,Crossover for Work,canada
22,Client Accounting Coordinator,"Toronto, ON Sur site",Il y a 2 mois,Jesus College Oxford,canada
23,"Cloud Support Engineer, Trilogy (Remote) - $60,000/year USD","Toronto, ON À distance",Il y a 1 jour,Crossover for Work,canada
24,"Developer, TelcoDR (Remote) - $80,000/year USD","Toronto, ON À distance",Il y a 1 jour,Crossover for Work,canada
0,SW AST 13R - Social Worker Assistant (BC Public Service),"Abbotsford, BC Sur site",Il y a 1 semaine,BCjobs.ca,canada
1,"Software Engineer, Trilogy (Remote) - $100,000/year USD","Ontario, Canada À distance",Il y a 1 jour,Crossover for Work,canada
2,CLK ST 11R - Program Assistant (BC Public Service),"Victoria, BC Sur site",Il y a 1 semaine,BCjobs.ca,canada
3,ADMN O 15R - Regulations Documents Analyst - CLOSING DATE EXTENDED (BC Public Service),"Victoria, BC Sur site",Il y a 1 semaine,BCjobs.ca,canada
4,ISL 24R - Business Analyst (BC Public Service),"Victoria, BC",Il y a 5 jours,BCjobs.ca,canada
5,"Frontend Developer, Trilogy (Remote) - $100,000/year USD","Toronto, ON À distance",Il y a 1 jour,Crossover for Work,canada
6,CLK 09R - Regional Administration Clerk (BC Public Service),"Coquitlam, BC Sur site",Il y a 5 jours,BCjobs.ca,canada
7,"Financial Controller, Trilogy (Remote) - $100,000/year USD","Toronto, ON À distance",Il y a 1 jour,Crossover for Work,canada
8,Letter Carrier - Delivery Agent (Canada Post),"Victoria, BC Sur site",Il y a 5 jours,BCjobs.ca,canada
9,Sr Administrative Assistant (BC Public Service),"Vancouver, BC Sur site",Il y a 1 semaine,BCjobs.ca,canada
10,"Full Stack Engineer, Virtasant (Remote) - $80,000/year USD","Toronto, ON À distance",Il y a 1 jour,Crossover for Work,canada
11,ECON 24R - Economic Analyst (BC Public Service),"Victoria, BC Sur site",Il y a 4 jours,BCjobs.ca,canada
12,"Sales Development Representative, IgniteTech (Remote) - $60,000/year USD","Toronto, ON À distance",Il y a 1 jour,Crossover for Work,canada
13,CLK 09R - Program Assistant (BC Public Service),"Nanaimo, BC Sur site","Il y a 5 heures

                Au cours des 24 dernières heures",BCjobs.ca,canada
14,"Director of Product Management, Trilogy (Remote) - $400,000/year USD","Toronto, ON À distance",Il y a 1 jour,Crossover for Work,canada
15,"Software Developer, Trilogy (Remote) - $30,000/year USD","Toronto, ON À distance",Il y a 1 jour,Crossover for Work,canada
16,"Game Programmer, gt.school (Remote) - $160,000/year USD","Toronto, ON À distance",Il y a 1 jour,Crossover for Work,canada
17,"Senior Coordinator, HR","Brampton, ON Sur site",Il y a 4 semaines,Loblaw Companies Limited,canada
18,"Senior Specialist, Security Risk","Brampton, ON Sur site",Il y a 3 semaines,Loblaw Companies Limited,canada
19,"Senior Software Engineer, gt.school (Remote) - $80,000/year USD","Toronto, ON À distance",Il y a 1 jour,Crossover for Work,canada
20,"Software Engineer, Trilogy (Remote) - $100,000/year USD","Calgary, AB À distance",Il y a 1 jour,Crossover for Work,canada
21,ClK 09R - Claims Administrator (BC Public Service),"Vancouver, BC Sur site",Il y a 3 jours,BCjobs.ca,canada
22,ISL 24R - Quality Assurance Lead (BC Public Service),"Victoria, BC Sur site",Il y a 1 semaine,BCjobs.ca,canada
23,"Full-stack Developer, Trilogy (Remote) - $60,000/year USD","Toronto, ON À distance",Il y a 1 jour,Crossover for Work,canada
24,CLK 11R - Fish and Wildlife Permit Clerk (BC Public Service),"Williams Lake, BC Sur site",Il y a 1 semaine,BCjobs.ca,canada
0,"Software Engineer, TelcoDR (Remote) - $80,000/year USD","Toronto, ON À distance",Il y a 1 jour,Crossover for Work,canada
1,"Software Developer, Trilogy (Remote) - $100,000/year USD","Toronto, ON À distance",Il y a 1 jour,Crossover for Work,canada
2,"Software Developer, Trilogy (Remote) - $100,000/year USD","Ontario, Canada À distance",Il y a 1 jour,Crossover for Work,canada
3,"Software Engineer, Trilogy (Remote) - $100,000/year USD","Winnipeg, MB À distance",Il y a 1 jour,Crossover for Work,canada
4,"Corporate Controller, Trilogy (Remote) - $100,000/year USD","Toronto, ON À distance",Il y a 1 jour,Crossover for Work,canada
5,"Lead Software Engineer, gt.school (Remote) - $160,000/year USD","Toronto, ON À distance",Il y a 1 jour,Crossover for Work,canada
6,SPO 24R - Resources & Out-of-Care Social Worker (BC Public Service),"Prince Rupert, BC Sur site",Il y a 5 jours,BCjobs.ca,canada
7,"Software Engineer, Trilogy (Remote) - $100,000/year USD","Ottawa, ON À distance",Il y a 1 jour,Crossover for Work,canada
8,ISL 18R - IT Operations Support Analyst (BC Public Service),"Victoria, BC Sur site",Il y a 4 jours,BCjobs.ca,canada
9,"Principal Software Engineer, Aurea Software (Remote) - $60,000/year USD","Toronto, ON À distance",Il y a 1 jour,Crossover for Work,canada
10,CLK 11R - Health Connect Registry Support (BC Public Service),"Burnaby, BC Sur site",Il y a 1 semaine,BCjobs.ca,canada
11,Pharmacy Intern (QRP Consulting),"Vancouver, BC Sur site",Il y a 1 semaine,BCjobs.ca,canada
12,"C# Developer, gt.school (Remote) - $80,000/year USD","Toronto, ON À distance",Il y a 1 jour,Crossover for Work,canada
13,CLK 11R - HR Service Representative (BC Public Service),"Kamloops, BC Sur site",Il y a 1 semaine,BCjobs.ca,canada
14,"Senior Accountant, Aurea Software (Remote) - $30,000/year USD","Toronto, ON À distance",Il y a 1 jour,Crossover for Work,canada
15,Traffic Tech/ Labourer (Barricades and Signs Ltd.),"Langley, Colombie-Britannique, Canada Sur site",Il y a 1 semaine,BCjobs.ca,canada
16,"Marketing Manager, IgniteTech (Remote) - $100,000/year USD","Toronto, ON À distance",Il y a 1 jour,Crossover for Work,canada
17,Insurance Advisor Trainee (Equest),"Whistler, BC Sur site",Il y a 1 semaine,BCjobs.ca,canada
18,"Senior Software Engineer, Aurea Software (Remote) - $60,000/year USD","Toronto, ON À distance",Il y a 1 jour,Crossover for Work,canada
19,CLK ST 09R - Administrative Assistant (BC Public Service),"Victoria, BC Sur site",Il y a 4 jours,BCjobs.ca,canada
20,"Software Engineer, Trilogy (Remote) - $100,000/year USD","Halifax, NS À distance",Il y a 1 jour,Crossover for Work,canada
21,CLK 11R - Program Assistant (BC Public Service),"Victoria, BC Sur site",Il y a 1 semaine,BCjobs.ca,canada
22,CLK 15R - Legislative Assistant (BC Public Service),"Victoria, BC Sur site",Il y a 1 semaine,BCjobs.ca,canada
23,"Technical Project Manager, Trilogy (Remote) - $100,000/year USD","Ontario, Canada À distance",Il y a 1 jour,Crossover for Work,canada
24,"Sales Development Specialist, Aurea Software (Remote) - $60,000/year USD","Toronto, ON À distance",Il y a 1 jour,Crossover for Work,canada
0,"Principal Software Engineer, Trilogy (Remote) - $200,000/year USD","Toronto, ON À distance",Il y a 1 jour,Crossover for Work,canada
1,"Senior Support Engineer, Trilogy (Remote) - $100,000/year USD","Ontario, Canada À distance",Il y a 1 jour,Crossover for Work,canada
2,"Software Engineer, Upland (Remote) - $30,000/year USD","Toronto, ON À distance",Il y a 1 jour,Crossover for Work,canada
3,"Sales Development Representative, Aurea Software (Remote) - $60,000/year USD","Ottawa, ON À distance",Il y a 1 jour,Crossover for Work,canada
4,"Senior Software Engineer, TelcoDR (Remote) - $160,000/year USD","Toronto, ON À distance",Il y a 1 jour,Crossover for Work,canada
5,"Product Designer, Upland (Remote) - $100,000/year USD","Toronto, ON À distance",Il y a 1 jour,Crossover for Work,canada
6,"Software Developer, Trilogy (Remote) - $100,000/year USD","Ottawa, ON À distance",Il y a 1 jour,Crossover for Work,canada
7,"Senior Security Specialist, Vulnerability and Compliance Management","Brampton, ON Sur site",Il y a 3 semaines,Loblaw Companies Limited,canada
8,"Back End Developer, Virtasant (Remote) - $80,000/year USD","Toronto, ON À distance",Il y a 1 jour,Crossover for Work,canada
9,Insurance Advisor Trainee (Equest),"Langley, Colombie-Britannique, Canada Sur site",Il y a 5 jours,BCjobs.ca,canada
10,"React Developer, Bloom Institute of Technology (BloomTech) (Remote) - $60,000/year USD","Toronto, ON À distance",Il y a 1 jour,Crossover for Work,canada
11,FO 18R - Audit Analyst (BC Public Service),"Victoria, BC Sur site",Il y a 1 semaine,BCjobs.ca,canada
12,"C++ Developer, GFI Software (Remote) - $100,000/year USD","Toronto, ON À distance",Il y a 1 jour,Crossover for Work,canada
13,"Cloud Architect, Trilogy (Remote) - $100,000/year USD","Toronto, ON À distance",Il y a 1 jour,Crossover for Work,canada
14,"Software Instructor, Bloom Institute of Technology (BloomTech) (Remote) - $60,000/year USD","Toronto, ON À distance",Il y a 1 jour,Crossover for Work,canada
15,"Senior Support Engineer, Trilogy (Remote) - $60,000/year USD","Ontario, Canada À distance",Il y a 1 jour,Crossover for Work,canada
16,"Senior Software Developer, Trilogy (Remote) - $100,000/year USD","Toronto, ON À distance",Il y a 1 jour,Crossover for Work,canada
17,"Senior Accountant, Trilogy (Remote) - $60,000/year USD","Toronto, ON À distance",Il y a 1 jour,Crossover for Work,canada
18,Assistant Branch Manager (Equest),"Vancouver, BC Sur site",Il y a 1 semaine,BCjobs.ca,canada
19,"Principal Software Engineer (with C), Skyvera (Remote) - $100,000/year USD","Toronto, ON À distance",Il y a 1 jour,Crossover for Work,canada
20,"Sales Development Representative, IgniteTech (Remote) - $60,000/year USD","Halifax, NS À distance",Il y a 1 jour,Crossover for Work,canada
21,ADMN O 24R - Policy Analyst (BC Public Service),"Victoria, BC Sur site","Il y a 5 heures

                Au cours des 24 dernières heures",BCjobs.ca,canada
22,Talent Acquisition Specialist (Equest),"Victoria, BC",Il y a 1 semaine,BCjobs.ca,canada
23,"Senior Software Engineer, TelcoDR (Remote) - $160,000/year USD","Montréal, QC À distance",Il y a 1 jour,Crossover for Work,canada
24,CLK 11R -Customer Service Representative (BC Public Service),"Kelowna, BC Sur site","Il y a 5 heures

                Au cours des 24 dernières heures",BCjobs.ca,canada
0,Talent Acquisition Coordinator (Paladin Security),"Burnaby, BC Sur site",Il y a 1 semaine,BCjobs.ca,canada
1,ISL 24R - Full Stack Developer (BC Public Service),"Victoria, BC Sur site",Il y a 1 semaine,BCjobs.ca,canada
2,CLK 11R - Training Administrator (BC Public Service),"Victoria, BC Sur site",Il y a 1 semaine,BCjobs.ca,canada
3,"Technical Support Team Lead, Trilogy (Remote) - $100,000/year USD","Toronto, ON À distance",Il y a 1 jour,Crossover for Work,canada
4,FO 18R - Business Analyst (BC Public Service),"Williams Lake, BC Sur site",Il y a 3 jours,BCjobs.ca,canada
5,CLK 11R - Correspondence Coordinator (BC Public Service),"Victoria, BC Sur site",Il y a 5 jours,BCjobs.ca,canada
6,SPO 24R (Growth) - Cultural Connections Worker (BC Public Service),"Kelowna, BC Sur site",Il y a 1 semaine,BCjobs.ca,canada
7,"Senior Software Engineer, Upland (Remote) - $60,000/year USD","Toronto, ON À distance",Il y a 1 jour,Crossover for Work,canada
8,Senior Financial Analyst (Equest),"Surrey, BC Sur site",Il y a 1 semaine,BCjobs.ca,canada
9,"Regional Controller, Trilogy (Remote) - $100,000/year USD","Toronto, ON À distance",Il y a 1 jour,Crossover for Work,canada
10,SW AST 13R - Social Program Officer (SPO) Assistant (BC Public Service),"Prince George, BC Sur site",Il y a 1 semaine,BCjobs.ca,canada
11,POL FI 27R - Senior Policy & Financial Analyst *CLOSE DATE EXTENDED* (BC Public Service),"Victoria, BC Sur site",Il y a 1 semaine,BCjobs.ca,canada
12,"Lead Software Engineer, Totogi (Remote) - $200,000/year USD","Montréal, QC À distance",Il y a 1 jour,Crossover for Work,canada
13,ISL 24R - Technical Analyst (BC Public Service),"Abbotsford, BC",Il y a 3 jours,BCjobs.ca,canada
14,"Senior Software Developer, Trilogy (Remote) - $100,000/year USD","Calgary, AB À distance",Il y a 1 jour,Crossover for Work,canada
15,"C# Developer, Trilogy (Remote) - $100,000/year USD","Île du Prince-Édouard, Canada À distance",Il y a 1 jour,Crossover for Work,canada
16,"Senior Software Developer, Trilogy (Remote) - $100,000/year USD","Kitchener, ON À distance",Il y a 1 jour,Crossover for Work,canada
17,"Senior Technical Support Engineer, Trilogy (Remote) - $100,000/year USD","Ontario, Canada À distance",Il y a 1 jour,Crossover for Work,canada
18,"C# Developer, Trilogy (Remote) - $100,000/year USD","Calgary, AB À distance",Il y a 1 jour,Crossover for Work,canada
19,"Ruby Developer, Engine Yard (Remote) - $200,000/year USD","Toronto, ON À distance",Il y a 1 jour,Crossover for Work,canada
20,Contract to Full-Time Recruiter/Talent Advisor (Associate Level) (Equest),"Vancouver, BC",Il y a 6 jours,BCjobs.ca,canada
21,"C# Developer, Trilogy (Remote) - $100,000/year USD","Victoria, BC À distance",Il y a 1 jour,Crossover for Work,canada
22,"Senior User Interface Engineer, Trilogy (Remote) - $100,000/year USD","Toronto, ON À distance",Il y a 1 jour,Crossover for Work,canada
23,"Salesforce Developer, Aurea Software (Remote) - $100,000/year USD","Toronto, ON À distance",Il y a 1 jour,Crossover for Work,canada
24,ISL 27R - Senior Programmer (BC Public Service),"Coquitlam, BC Sur site","Il y a 5 heures

                Au cours des 24 dernières heures",BCjobs.ca,canada
0,"Java Software Engineer, Trilogy (Remote) - $100,000/year USD","Alberta, Canada À distance",Il y a 1 jour,Crossover for Work,canada
1,"Technical Lead, TelcoDR (Remote) - $320,000/year USD","Toronto, ON À distance",Il y a 1 jour,Crossover for Work,canada
2,"Presales Engineer, GFI Software (Remote) - $100,000/year USD","Toronto, ON À distance",Il y a 1 jour,Crossover for Work,canada
3,"Ruby on Rails Developer, Engine Yard (Remote) - $200,000/year USD","Toronto, ON À distance",Il y a 1 jour,Crossover for Work,canada
4,Senior Software Developer (Semaphore Solutions Inc.),"Victoria, BC À distance",Il y a 1 semaine,BCjobs.ca,canada
5,"Java Application Developer, Bloom Institute of Technology (BloomTech) (Remote) - $60,000/year USD","Toronto, ON À distance",Il y a 1 jour,Crossover for Work,canada
6,"C# Software Developer, Trilogy (Remote) - $100,000/year USD","Victoria, BC À distance",Il y a 1 jour,Crossover for Work,canada
7,Insurance Advisor (Equest),"Vancouver, BC Sur site",Il y a 1 semaine,BCjobs.ca,canada
8,"C# Software Developer, Trilogy (Remote) - $100,000/year USD","Winnipeg, MB À distance",Il y a 1 jour,Crossover for Work,canada
9,CLK 09R - Senior Clerk (BC Public Service),"Kamloops, BC Sur site",Il y a 3 jours,BCjobs.ca,canada
10,Insurance Advisor (Equest),"Vancouver, BC Sur site",Il y a 1 jour,BCjobs.ca,canada
11,Insurance Advisor (Equest),"Vancouver, BC Sur site",Il y a 1 semaine,BCjobs.ca,canada
12,Senior Data Architect,"Brampton, ON Hybride",Il y a 1 mois,Loblaw Companies Limited,canada
13,"Technical Lead, Totogi (Remote) - $200,000/year USD","Montréal, QC À distance",Il y a 1 jour,Crossover for Work,canada
14,"Vice President Corporate Finance, Trilogy (Remote) - $400,000/year USD","Ontario, Canada À distance",Il y a 1 jour,Crossover for Work,canada
15,CLK 11R - Customer Service Representative (BC Public Service),"Clinton, BC Sur site","Il y a 5 heures

                Au cours des 24 dernières heures",BCjobs.ca,canada
16,"Vice President of Software Development, Trilogy (Remote) - $400,000/year USD","Vancouver, BC À distance",Il y a 1 jour,Crossover for Work,canada
17,"Technical Lead, Totogi (Remote) - $200,000/year USD","Calgary, AB À distance",Il y a 1 jour,Crossover for Work,canada
18,Insurance Advisor Trainee (Equest),"Duncan, BC Sur site",Il y a 1 semaine,BCjobs.ca,canada
19,Enterprise Project Manager (BC Pension Corporation),"Victoria, BC",Il y a 1 semaine,BCjobs.ca,canada
20,CLK 11R - Senior District Clerk (BC Public Service),"Fort Saint John, BC Sur site",Il y a 1 semaine,BCjobs.ca,canada
21,"Java Developer, Trilogy (Remote) - $100,000/year USD","Halifax, NS À distance",Il y a 1 jour,Crossover for Work,canada
22,"Senior Web Developer, Upland (Remote) - $30,000/year USD","Toronto, ON À distance",Il y a 1 jour,Crossover for Work,canada
23,CLK ST 09R - Program Assistant (BC Public Service),"Victoria, BC Sur site",Il y a 6 jours,BCjobs.ca,canada
24,ADMN O 18R - 24R - Compensation Analyst (BC Public Service),"Victoria, BC Sur site",Il y a 6 jours,BCjobs.ca,canada
