job,location,date,company,country
Staff Product Designer,Casablanca,il y a 6 jours,Remote,Marocco
Directeur de projet Ref. 002681,Casablanca,il y a 6 jours,Novancy one,Marocco
Go Developer,Rabat,il y a 6 jours,Toptal,Marocco
Senior React Developer,Casablanca,il y a 6 jours,Toptal,Marocco
Go Developer,Casablanca,il y a 6 jours,Toptal,Marocco
Senior React Developer,Rabat,il y a 6 jours,Toptal,Marocco
Senior React Developer,Fes,il y a 6 jours,Toptal,Marocco
Développeur fullstack en freelance Ref. 002690,Casablanca,il y a 6 jours,Novancy one,Marocco
Senior React Developer,Marrakech,il y a 6 jours,Toptal,Marocco
RESPONSABLE TECHNIQUE,Fes,il y a 6 jours,Relais & Châteaux,Marocco
Go Developer,Marrakech,il y a 6 jours,Toptal,Marocco
Ruby on Rails Developer,Casablanca,il y a 6 jours,Toptal,Marocco
Développeur senior en freelance Ref. 002691,Casablanca,il y a 6 jours,Novancy one,Marocco
Technical Lead .Net/Java en Freelance Ref. 002689,Casablanca,il y a 6 jours,Novancy one,Marocco
Senior Blockchain Developer,Rabat,il y a 6 jours,Toptal,Marocco
Go Developer,Fes,il y a 6 jours,Toptal,Marocco
React Native Developer,Casablanca,il y a 6 jours,Toptal,Marocco
Senior Blockchain Developer,Marrakech,il y a 6 jours,Toptal,Marocco
Senior Blockchain Developer,"Fes,",il y a 6 jours,Toptal,Marocco
Ruby on Rails Developer,Rabat,il y a 6 jours,Toptal,Marocco
Ruby on Rails Developer,Marrakech,il y a 6 jours,Toptal,Marocco
React Native Developer,Rabat,il y a 6 jours,Toptal,Marocco
Ruby on Rails Developer,Fes,il y a 6 jours,Toptal,Marocco
React Native Developer,Marrakech,il y a 6 jours,Toptal,Marocco
React Native Developer,Fes,il y a 6 jours,Toptal,Marocco
Flexible Opportunities | Image Collection Project,Casablanca ,il y a 2 semaine,Appen,Marocco
Technical Referent,Casablanca,il y a 2 semaine,Leyton,Marocco
Stage PFE Développement et Testing - Capgemini - Africa IT Days Ref. 002600,Casablanca,il y a 2 semaine,Novancy one,Marocco
Staff Product Designer,casablanca,il y a 1 semaine,Remote,Marocco
Product Owner - Sofrecom - Africa IT Days Ref. 002643,Casablanca,il y a 4 jours,Novancy one,Marocco
Business Analyst BI - Sofrecom - Africa IT Days Ref. 002641,Casablanca,il y a 4 jours,Novancy one,Marocco
Stage PFE en conception logiciel - Ribatis - Africa IT Days Ref. 002607,Casablanca,il y a 2 semaine,Novancy one,Marocco
Stage PFE en conception logiciel - Ribatis - Africa IT Days Ref. 002606,Casablanca,il y a 2 semaine,Novancy one,Marocco
Stage PFE - Business intelligence - Sofrecom - Africa IT Days Ref. 002651,Casablanca,il y a 4 jours,Novancy one,Marocco
Stage PFE - SQL / Unix - Sofrecom - Africa IT Days Ref. 002654,Casablanca,il y a 4 jours,Novancy one,Marocco
Stage PFE en dévops - Ribatis - Africa IT Days Ref. 002605,Casablanca,il y a 2 semaine,Novancy one,Marocco
Directeur de projet Ref. 002681,Casablanca,il y a 1 semaine,Novancy one,Marocco
Consultant en Testing Automatisaiton - Capgemini - Africa IT Days Ref. 002674,Casablanca,il y a 2 semaine,Novancy one,Marocco
"Full Stack Engineer (Data Team) (All Levels) (Bangkok based, relocation provided)",Marrakech,il y a 3 jours,Agoda,Marocco
Consultant en Testing fontionnel - Capgemini - Africa IT Days Ref. 002596,Casablanca,il y a 2 semaine,Novancy one,Marocco
BPM Admin en Freelance - Remote Ref. 002683,Casablanca,il y a 4 jours,Novancy one,Marocco
Stage PFE en développement logiciel - Ribatis - Africa IT Days Ref. 002611,Casablanca,il y a 2 semaine,Novancy one,Marocco
Stage PFE - Java Fullstack - Sofrecom - Africa IT Days Ref. 002652,Casablanca,il y a 5 jours,Novancy one,Marocco
Analyste SOC - SGABS - Africa IT Days Ref. 002622,Casablanca,il y a 1 jours,Novancy one,Marocco
Stage PFE - Java/JEE - Sofrecom - Africa IT Days Ref. 002648,Casablanca,il y a 5 jours,Novancy one,Marocco
Stage PFE - Adobe campaign - Sofrecom - Africa IT Days Ref. 002650,Casablanca,il y a 5 jours,Novancy one,Marocco
"Software Developer, Trilogy (Remote) - $100,000/year USD",Casablanca,il y a 9 jours,Crossover for Work,Marocco
Senior React Developer,Casablanca,il y a 6 jours,Toptal,Marocco
Go Developer,Marrakech,il y a 6 jours,Toptal,Marocco
Chef de Projets MOA Risque - SGABS - Africa IT Days Ref. 002626,Casablanca,il y a 1 jours,Novancy one,Marocco
Senior React Developer,Rabat,il y a 6 jours,Toptal,Marocco
"Lead/ Staff Front End Engineer – Data Experience Team (Bangkok based, relocation provided)",Marrakech,il y a 5 jours,Agoda,Marocco
Stage PFE - Unix/TERADATA - Sofrecom - Africa IT Days Ref. 002656,Casablanca,il y a 1 jours,Novancy one,Marocco
Responsable d’équipes Cybersécurité - BDSI - Africa IT Days Ref. 002637,Casablanca,il y a 1 jours,Novancy one,Marocco
Senior React Developer,Fes,il y a 6 jours,Toptal,Marocco
Stage PFE - Java/Angular/Cloud - Sofrecom - Africa IT Days Ref. 002653,Casablanca,il y a 5 jours,Novancy one,Marocco
Expert Apache - Sofrecom - Africa IT Days Ref. 002644,Casablanca,il y a 5 jours,Novancy One ,Marocco
"C# Software Developer, Trilogy (Remote) - $100,000/year USD",Casablanca,il y a 9 jours,Crossover for Work,Marocco
Architecte Technique - BDSI - Africa IT Days Ref. 002636,Casablanca,il y a 1 jours,Novancy One ,Marocco
Architecte Technique - SGABS - Africa IT Days Ref. 002620,Casablanca,il y a 1 jours,Novancy One ,Marocco
React Native Developer,Casablanca,il y a 1 semaine,Toptal,Marocco
Développeur Service Now - Sofrecom - Africa IT Days Ref. 002657,Casablanca,il y a 1 jours,Novancy One ,Marocco
Chef de Projets Réseau et Sécurité - SGABS - Africa IT Days Ref. 002623,Casablanca,il y a 1 jours,Novancy One ,Marocco
Expert Technico Fonctionnel Billing - Sofrecom - Africa IT Days Ref. 002640,Casablanca,il y a 5 jours,Novancy One ,Marocco
Technical Lead .Net/Java en Freelance Ref. 002689,Casablanca,il y a 1 semaine,Novancy One ,Marocco
Ruby on Rails Developer,Rabat,il y a 1 semaine,Toptal,Marocco
Expert Sécurité des systèmes d’information - SGABS - Africa IT Days Ref. 002624,Casablanca,il y a 1 jours,Novancy One ,Marocco
Concepteur Développeur Fullstack - Sofrecom - Africa IT Days Ref. 002647,Casablanca,il y a 5 jours,Novancy One ,Marocco
Senior Blockchain Developer,Rabat,il y a 1 semaine,Toptal,Marocco
Salesforce Project Manager - NBS Consulting - Africa IT Days Ref. 002678,Casablanca,il y a 1 jours,Novancy One ,Marocco
Consultant TALEND - NBS Consulting - Africa IT Days Ref. 002678,Casablanca,il y a 10 jours,Novancy One ,Marocco
Concepteur Développeur Fullstack - Sofrecom - Africa IT Days Ref. 002639,Casablanca,il y a 5 jours,Novancy One ,Marocco
React Native Developer,Rabat,il y a 1 semaine,Toptal,Marocco
Service Delivery Manager - SGABS - Africa IT Days Ref. 002621,Casablanca,il y a 1 jours,Novancy One ,Marocco
Ruby on Rails Developer,Marrakech,il y a 1 semaine,Toptal,Marocco
Senior Blockchain Developer,Marrakech,il y a 1 semaine,Toptal,Marocco
Senior Blockchain Developer,Fes,il y a 1 semaine,Toptal,Marocco
Ingénieur DevOps - Sofrecom - Africa IT Days Ref. 002646,Casablanca,il y a 5 jours,Novancy One ,Marocco
Consultant TALEND - NBS Consulting - Africa IT Days Ref. 002678,Casablanca,il y a 1 jours,Novancy One ,Marocco
Développeur Senior DotNet - Sofrecom - Africa IT Days Ref. 002642,Casablanca,il y a 5 jours,Novancy One ,Marocco
Ruby on Rails Developer,Fes,il y a 1 semaine,Toptal,Marocco
React Native Developer,Marrakech,il y a 1 semaine,Toptal,Marocco
Développeur FrontEnd Angular/ReactJs Confirmé/Senior - Capgemini - Africa IT Days Ref. 002597,Casablanca,il y a 8 jours,Novancy one,Marocco
Consultant Salesforce - NBS Consulting - Africa IT Days Ref. 002676,Casablanca,il y a 2 semaine,Novancy one,Marocco
React Native Developer,Fes,il y a 1 semaine,Toptal,Marocco
Référent Technique java/Angular - Sofrecom - Africa IT Days Ref. 002645,Casablanca,il y a 4 jours,Novancy one,Marocco
Voc Rehab Counselor,Sid Zouine,il y a 8 jours,Commonwealth of Kentucky,Marocco
Responsable Architecture et Sécurité Opérationnelle - SGABS - Africa IT Days Ref. 002618,Casablanca,il y a 2 semaine,Novancy one,Marocco
Staff Product Designer,Casablanca,il y a 3 jours,Remote,Marocco
"Senior Analyst, Partner Development – SQL, R, Python, Pandas, Scala (Bangkok-based, relocation provided)",Marrakech,il y a 8 jours,Agoda,Marocco
Associate Data Analyst- Customer Experience Group | Bangkok-based,Marrakech,il y a 5 jours,Agoda,Marocco
Appen | Social Media Evaluator,Fes,il y a 5 jours,Appen,Marocco
Flexible Job Opportunities for French Speakers,Casablanca,il y a 5 jours,Appen,Marocco
Social Media Evaluator | Arabic Speakers | Work from Home,Rabat,il y a 5 jours,Appen,Marocco
Product Owner - Sofrecom - Africa IT Days Ref. 002643,Casablanca,il y a 4 jours,Novancy one,Marocco
"Analyst, Marketing Innovation (Bangkok Based, relocation provided)",Marrakech,il y a 5 jours,Agoda,Marocco
"Analyst (Bangkok Based, relocation provided)",Marrakech,il y a 5 jours,Agoda,Marocco
Big Data Engineer - Senior Analyst,Casablanca,il y a 5 jours,Dell Technologies,Marocco
Stage PFE en conception logiciel - Ribatis - Africa IT Days Ref. 002602,Casablanca,il y a 8 jours,Novancy one,Marocco
Business Analyst BI - Sofrecom - Africa IT Days Ref. 002641,Casablanca,il y a 4 jours,Novancy one,Marocco
"Senior Data Analyst (Bangkok Based, relocation provided)",Marrakech,il y a 8 jours,Agoda,Marocco
"Analyst, Pulse Marketing (Bangkok Based, relocation provided)",Marrakech,il y a 5 jours,Agoda,Marocco
Stage PFE en conception logiciel - Ribatis - Africa IT Days Ref. 002607,Casablanca,il y a 2 semaine,Novancy one,Marocco
"Senior Analyst (Bangkok based, relocation provided)",Marrakech,il y a 8 jours,Agoda,Marocco
Stage PFE en conception logiciel - Ribatis - Africa IT Days Ref. 002606,Casablanca,il y a 2 semaine,Novancy one,Marocco
Stage PFE en développement web - CYBERCOPS - Africa IT Days Ref. 002628,Casablanca,il y a 8 jours,Novancy one,Marocco
Business Analyst (MSSQL) Ref. 002536,Rabat,il y a 5 jours,Novancy one,Marocco
"Analyst (Business Intelligence) – Supply Strategy and Optimisation (Bangkok based, relocation provided)",Marrakech,il y a 5 jours,Agoda,Marocco
"Content Analyst(Bangkok based, relocation provided)",Marrakech,il y a 5 jours,Agoda,Marocco
"Analyst/ Sr Analyst, Marketing (Bangkok Based, relocation provided)",Marrakech,il y a 8 jours,Agoda,Marocco
Stage PFE - Business intelligence - Sofrecom - Africa IT Days Ref. 002651,Casablanca,il y a 4 jours,Novancy one,Marocco
Stage PFE - SQL / Unix - Sofrecom - Africa IT Days Ref. 002654,Casablanca,il y a 2 semaine,Novancy one,Marocco
"Front End Engineer – Data Experience Team (Bangkok based, relocation provided)",Marrakech,il y a 5 jours,Agoda,Marocco
Business Analyst (PLSQL) Ref. 002535,Rabat,il y a 12 jours,Novancy one,Marocco
Stage PFE en dévops - Ribatis - Africa IT Days Ref. 002605,Casablanca,il y a 8 jours,Novancy one,Marocco
"Data Engineer – Apache Spark (Java/Scala) (Bangkok based, Relocation provided)",Marrakech,il y a 5 jours,Agoda,Marocco
Directeur de projet Ref. 002681,Casablanca,il y a 1 semaine,Novancy one,Marocco
Consultant en Testing Automatisaiton - Capgemini - Africa IT Days Ref. 002674,Casablanca,il y a 8 jours,Novancy one,Marocco
"Full Stack Engineer (Data Team) (All Levels) (Bangkok based, relocation provided)",Marrakech,il y a 3 jours,Agoda,Marocco
Chef de Projet E-Banking - Adria - Africa IT Days Ref. 002612,Casablanca,il y a 8 jours,Novancy one,Marocco
Consultant en Testing fontionnel - Capgemini - Africa IT Days Ref. 002596,Casablanca,il y a 8 jours,Novancy one,Marocco
"Analyst- Supply Insights (Bangkok based, Relocation provided)",Marrakech,il y a 5 jours,Agoda,Marocco
BPM Admin en Freelance - Remote Ref. 002683,Casablanca,il y a 4 jours,Novancy one,Marocco
Stage PFE en développement logiciel - Ribatis - Africa IT Days Ref. 002611,Casablanca,il y a 2 semaine,Novancy one,Marocco
EH & S SUPPORT V,Tanger,il y a 12 jours,TE Connectivity,Marocco
Stage PFE en développement logiciel - Ribatis - Africa IT Days Ref. 002609,Casablanca,il y a 2 semaine,Novancy one,Marocco
Project Manager SI Ref. 002601,Casablanca,il y a 8 jours,Novancy one,Marocco
Développeurs PLSQL Ref. 002534,Rabat,il y a 12 jours,Novancy one,Marocco
Stage PFE en qualité logiciel - Ribatis - Africa IT Days Ref. 002603,Casablanca,il y a 8 jours,Novancy one,Marocco
"Analyst & Senior Analyst- Marketing (Bangkok Based, relocation provided)",Marrakech,il y a 5 jours,Agoda,Marocco
"Analyst & Senior Analyst- Marketing (Bangkok Based, relocation provided)",Marrakech,il y a 5 jours,Agoda,Marocco
"Analyst Clinical Operations, Real World Evidence",Casablanca,il y a 8 jours,IQVIA,Marocco
Directeur de Programme de Transformation Ref. 002588,Casablanca,il y a 5 jours,Novancy one,Marocco
Go Developer,Casablanca,il y a 1 semaine,Toptal,Marocco
Go Developer,Rabat,il y a 1 semaine,Toptal,Marocco
Directeur de programme Transformation - SGABS - Africa IT Days Ref. 002617,Casablanca,il y a 2 semaine,Novancy one,Marocco
DBA Oracle - SGABS - Africa IT Days Ref. 002627,Casablanca,il y a 2 semaine,Novancy one,Marocco
Engineering Manager in Back End (Bangkok based),Marrakech,il y a 5 jours,Agoda,Marocco
"Front End Engineer – Data Experience Team (Bangkok based, relocation provided)",Marrakech,il y a 5 jours,Agoda,Marocco
"Data Engineer – Apache Spark (Java/Scala) (Bangkok based, Relocation provided)",Marrakech,il y a 5 jours,Agoda,Marocco
"Full Stack Engineer (Data Team) (All Levels) (Bangkok based, relocation provided)",Marrakech,il y a 3 jours,Agoda,Marocco
Go Developer,Rabat,il y a 1 semaine,Toptal,Marocco
"Software Engineer, Trilogy (Remote) - $100,000/year USD",Casablanca ,il y a 3 jours,Crossover for Work,Marocco
"Software Engineer, Trilogy (Remote) - $100,000/year USD",Casablanca ,il y a 3 jours,Crossover for Work,Marocco
"Software Developer, Trilogy (Remote) - $100,000/year USD",Casablanca ,il y a 3 jours,Crossover for Work,Marocco
Go Developer,Casablanca ,il y a 1 semaine,Toptal,Marocco
Senior React Developer,Rabat,il y a 1 semaine,Toptal,Marocco
Senior React Developer,Casablanca ,il y a 1 semaine,Toptal,Marocco
"Lead/ Staff Front End Engineer – Data Experience Team (Bangkok based, relocation provided)",Marrakech,il y a 4 jours,Agoda,Marocco
"Senior Machine Learning Engineer – Data Platform Team (Bangkok based, relocation provided)",Marrakech,il y a 8 jours,Agoda,Marocco
Senior React Developer,Marrakech,il y a 1 semaine,Toptal,Marocco
"Senior Data Engineer – Apache Spark (Java/Scala) (Bangkok based, Relocation provided)",Marrakech,il y a 3 jours,Agoda,Marocco
Senior React Developer,Fes,il y a 1 semaine,Toptal,Marocco
"Senior Software Developer, Trilogy (Remote) - $100,000/year USD",Casablanca,il y a 3 jours,Crossover for Work,Marocco
"C# Software Developer, Trilogy (Remote) - $100,000/year USD",Casablanca ,il y a 3 jours,Crossover for Work,Marocco
"Senior Software Engineer – Real-Time Microservices (Bangkok based, relocation provided)",Marrakech,il y a 8 jours,Agoda,Marocco
"Analyst, Partner Development(PDe) – SQL, R, Python, Pandas, Scala (Bangkok-based, relocation provided)",Marrakech,il y a 5 jours,Agoda,Marocco
"People Data Analyst(Bangkok based, relocation provided)",Marrakech,il y a 8 jours,Agoda,Marocco
"Senior Analyst, Partner Development – SQL, R, Python, Pandas, Scala (Bangkok-based, relocation provided)",Marrakech,il y a 8 jours,Agoda,Marocco
"People BI Specialist (Bangkok Based, Relocation Provided)",Marrakech,il y a 8 jours,Agoda,Marocco
Associate Data Analyst- Customer Experience Group | Bangkok-based,Marrakech,il y a 5 jours,Agoda,Marocco
"Analyst (Bangkok Based, relocation provided)",Marrakech,il y a 5 jours,Agoda,Marocco
"Analyst, Marketing Innovation (Bangkok Based, relocation provided)",Marrakech,il y a 5 jours,Agoda,Marocco
"Senior Analyst (Bangkok based, relocation provided)",Marrakech,il y a 8 jours,Agoda,Marocco
"Analyst, Pulse Marketing (Bangkok Based, relocation provided)",Marrakech,il y a 5 jours,Agoda,Marocco
"Analyst (Business Intelligence) – Supply Strategy and Optimisation (Bangkok based, relocation provided)",Marrakech,il y a 5 jours,Agoda,Marocco
"Senior Data Analyst (Bangkok Based, relocation provided)",Marrakech,il y a 8 jours,Agoda,Marocco
"Analyst/ Sr Analyst, Marketing (Bangkok Based, relocation provided)",Marrakech,il y a 8 jours,Agoda,Marocco
"Content Analyst(Bangkok based, relocation provided)",Marrakech,il y a 5 jours,Agoda,Marocco
"Analyst- Supply Insights (Bangkok based, Relocation provided)",Marrakech,il y a 5 jours,Agoda,Marocco
"Analyst & Senior Analyst- Marketing (Bangkok Based, relocation provided)",Marrakech,il y a 5 jours,Agoda,Marocco
"Analyst & Senior Analyst- Marketing (Bangkok Based, relocation provided)",Marrakech,il y a 5 jours,Agoda,Marocco
Engineering Manager in Back End (Bangkok based),Marrakech,il y a 5 jours,Agoda,Marocco
"Senior Analyst- Customer Experience Group(Bangkok Based, relocation provided)",Marrakech,il y a 5 jours,Agoda,Marocco
Senior Forecasting & Planning Analyst (Bangkok-Based),Marrakech,il y a 8 jours,Agoda,Marocco
"Senior Analyst, Partner Communications(Bangkok based, Relocation provided)",Marrakech,il y a 8 jours,Agoda,Marocco
"Senior Ops Specialist/Associate Manager, Partner Communications: (Bangkok Based, relocation provided)",Marrakech,il y a 8 jours,Agoda,Marocco
"Analyst, Partner Development(PDe) – SQL, R, Python, Pandas, Scala (Bangkok-based, relocation provided)",Marrakech,il y a 5 jours,Agoda,Marocco
"People Data Analyst(Bangkok based, relocation provided)",Marrakech,il y a 8 jours,Agoda,Marocco
"Senior Analyst, Partner Development – SQL, R, Python, Pandas, Scala (Bangkok-based, relocation provided)",Marrakech,il y a 8 jours,Agoda,Marocco
"People BI Specialist (Bangkok Based, Relocation Provided)",Marrakech,il y a 8 jours,Agoda,Marocco
Associate Data Analyst- Customer Experience Group | Bangkok-based,Marrakech,il y a 5 jours,Agoda,Marocco
"Analyst (Bangkok Based, relocation provided)",Marrakech,il y a 5 jours,Agoda,Marocco
"Analyst, Marketing Innovation (Bangkok Based, relocation provided)",Marrakech,il y a 5 jours,Agoda,Marocco
"Senior Analyst (Bangkok based, relocation provided)",Marrakech,il y a 8 jours,Agoda,Marocco
"Analyst, Pulse Marketing (Bangkok Based, relocation provided)",Marrakech,il y a 5 jours,Agoda,Marocco
"Analyst (Business Intelligence) – Supply Strategy and Optimisation (Bangkok based, relocation provided)",Marrakech,il y a 5 jours,Agoda,Marocco
"Senior Data Analyst (Bangkok Based, relocation provided)",Marrakech,il y a 8 jours,Agoda,Marocco
"Analyst/ Sr Analyst, Marketing (Bangkok Based, relocation provided)",Marrakech,il y a 8 jours,Agoda,Marocco
"Content Analyst(Bangkok based, relocation provided)",Marrakech,il y a 5 jours,Agoda,Marocco
EH & S SUPPORT V,Tanger,il y a 12 jours,TE Connectivity,Marocco
"Analyst- Supply Insights (Bangkok based, Relocation provided)",Marrakech,il y a 5 jours,Agoda,Marocco
"Analyst & Senior Analyst- Marketing (Bangkok Based, relocation provided)",Marrakech,il y a 5 jours,Agoda,Marocco
"Analyst & Senior Analyst- Marketing (Bangkok Based, relocation provided)",Marrakech,il y a 5 jours,Agoda,Marocco
Engineering Manager in Back End (Bangkok based),Marrakech,il y a 5 jours,Agoda,Marocco
"Senior Analyst- Customer Experience Group(Bangkok Based, relocation provided)",Marrakech,il y a 5 jours,Agoda,Marocco
Senior Forecasting & Planning Analyst (Bangkok-Based),Marrakech,il y a 8 jours,Agoda,Marocco
"Senior Analyst, Partner Communications(Bangkok based, Relocation provided)",Marrakech,il y a 8 jours,Agoda,Marocco
"Senior Ops Specialist/Associate Manager, Partner Communications: (Bangkok Based, relocation provided)",Marrakech,il y a 8 jours,Agoda,Marocco
"Front End Engineer – Data Experience Team (Bangkok based, relocation provided)",Marrakech,il y a 5 jours,Agoda,Marocco
"Data Engineer – Apache Spark (Java/Scala) (Bangkok based, Relocation provided)",Marrakech,il y a 5 jours,Agoda,Marocco
"Full Stack Engineer (Data Team) (All Levels) (Bangkok based, relocation provided)",Marrakech,il y a 3 jours,Agoda,Marocco
Go Developer,Rabat,il y a 1 semaine,Toptal,Marocco
"Software Engineer, Trilogy (Remote) - $100,000/year USD",Casablanca,il y a 3 jours,Crossover for Work,Marocco
"Software Engineer, Trilogy (Remote) - $100,000/year USD",Casablanca,il y a 3 jours,Crossover for Work,Marocco
"Software Developer, Trilogy (Remote) - $100,000/year USD",Casablanca,il y a 3 jours,Crossover for Work,Marocco
Go Developer,Casablanca,il y a 1 semaine,Toptal,Marocco
Senior React Developer,Rabat,il y a 2 jour,Toptal,Marocco
Senior React Developer,Casablanca,il y a 1 semaine,Toptal,Marocco
"Lead/ Staff Front End Engineer – Data Experience Team (Bangkok based, relocation provided)",Marrakech,il y a 4 jours,Agoda,Marocco
"Senior Machine Learning Engineer – Data Platform Team (Bangkok based, relocation provided)",Marrakech,il y a 8 jours,Agoda,Marocco
Senior React Developer,Marrakech,il y a 1 semaine,Toptal,Marocco
"Senior Data Engineer – Apache Spark (Java/Scala) (Bangkok based, Relocation provided)",Marrakech,il y a 3 jours,Agoda,Marocco
Senior React Developer,Fes,il y a 1 semaine,Toptal,Marocco
"Senior Software Developer, Trilogy (Remote) - $100,000/year USD",Casablanca,il y a 3 jours,Crossover for Work,Marocco
"C# Software Developer, Trilogy (Remote) - $100,000/year USD",Casablanca,il y a 3 jours,Crossover for Work,Marocco
"Senior Software Engineer – Real-Time Microservices (Bangkok based, relocation provided)",Marrakech,il y a 8 jours,Agoda,Marocco
Go Developer,Marrakech,il y a 1 semaine,Toptal,Marocco
"C# Software Developer, Trilogy (Remote) - $100,000/year USD",Casablanca,il y a 3 jours,Crossover for Work,Marocco
React Native Developer,Casablanca,il y a 1 semaine,Toptal,Marocco
Ruby on Rails Developer,Casablanca,il y a 1 semaine,Toptal,Marocco
Senior Blockchain Developer,Rabat,il y a 3 jours,Toptal,Marocco
Go Developer,Fes,il y a 1 semaine,Toptal,Marocco
Ruby on Rails Developer,Marrakech,il y a 1 semaine,Toptal,Marocco
AI Jobs -Photo Collection – Global Participants,Kenitra,il y a 10 jours,TransPerfect,Marocco
AI Jobs -Photo Collection – Global Participants,Sale,il y a 10 jours,TransPerfect,Marocco
AI Remote Jobs - Photo Collection – Global Participants,Skhirate ,il y a 10 jours,TransPerfect,Marocco
AI Jobs -Photo Collection – Global Participants,Oujda,il y a 10 jours,TransPerfect,Marocco
Flexible Opportunities | Image Collection Project,Casablanca ,il y a 1 semaine,Appen,Marocco
AI Remote Jobs - Photo Collection – Global Participants,Agadir,il y a 1 semaine,TransPerfect,Marocco
AI Remote Jobs - Photo Collection – Global Participants,Rabat,il y a 1 semaine,TransPerfect,Marocco
AI Remote Jobs - Photo Collections – Paid Study,Casablanca,il y a 2 semaine,TransPerfect,Marocco
AI Remote Jobs - Photo Collection – Global Participants,Mekness,il y a 10 jours,TransPerfect,Marocco
Remote Jobs | Work from Home,Rabat,il y a 2 semaine,Appen,Marocco
AI Jobs -Photo Collection – Global Participants,Casablanca,il y a 10 jours,TransPerfect,Marocco
Appen Project Opportunities,Fes,il y a 10 jours,Appen,Marocco
Video Data Collection,Casablanca,il y a 10 jours,Appen,Marocco
Remote Work | Search Evaluation Project,Rabat,il y a 10 jours,Appen,Marocco
Internet Analysts,Rabat,il y a 2 semaine,Appen,Marocco
Part-Time Opportunities at Appen,Rabat,il y a 13 jours,Appen,Marocco
Technical Referent,Casablanca,il y a 1 jour,Leyton,Marocco
Hiring | Social Media Evaluation Project | Morocco,Fes,il y a 2 semaine,Appen,Marocco
"Analyst, Partner Development(PDe) – SQL, R, Python, Pandas, Scala (Bangkok-based, relocation provided)",Marrakech,il y a 2 semaine,Agoda,Marocco
Flexible Opportunities in Morocco | Appen,Casablanca,il y a 13 jours,Appen,Marocco
"People Data Analyst(Bangkok based, relocation provided)",Marrakech,il y a 10 jours,Agoda,Marocco
Work from Home | Transcription Project for French Speakers,Rabat,il y a 2 semaine,Appen,Marocco
Hiring | Social Media Evaluator - Appen,Fes,il y a 2 semaine,Appen,Marocco
Stage PFE Développement et Testing - Capgemini - Africa IT Days Ref. 002600,Casablanca,il y a 1 semaine,Ovancy one,Marocco
"People BI Specialist (Bangkok Based, Relocation Provided)",Marrakech,il y a 10 jours,Agoda,Marocco
